--INSERT CURSOS

INSERT INTO CURSOS (CODIGO, NOME, TIPO, INSTRUTOR, PRECO) VALUES ('C1', 'Java Fundamentos','T2', 'I2', '270');
INSERT INTO CURSOS (CODIGO, NOME, TIPO, INSTRUTOR, PRECO) VALUES ('C2', 'Java Avançado','T2', 'I2', '330');
INSERT INTO CURSOS (CODIGO, NOME, TIPO, INSTRUTOR, PRECO) VALUES ('C3', 'SQL Completo','T1', 'I1', '170');
INSERT INTO CURSOS (CODIGO, NOME, TIPO, INSTRUTOR, PRECO) VALUES ('C4', 'PHP Básico','T2', 'I1', '270');

SELECT * FROM CURSOS;

--INSERT TIPO DO CURSO

INSERT INTO TIPO (CODIGO, NOME) VALUES ('T1', 'Banco de Dados');
INSERT INTO TIPO (CODIGO, NOME) VALUES ('T2', 'Programação');
INSERT INTO TIPO (CODIGO, NOME) VALUES ('T3', 'Modelagem de dados');
SELECT * FROM TIPO;

--INSERT INSTRUTOR

INSERT INTO INSTRUTOR (CODIGO, NOME, TELEFONE) VALUES ('I1', 'André Milani', '1111-1111');
INSERT INTO INSTRUTOR (CODIGO, NOME, TELEFONE) VALUES ('I2', 'Carlos Tosin', '1212-1212');
SELECT * FROM INSTRUTOR;

--INSERT ALUNOS

INSERT INTO ALUNOS (CODIGO, ALUNO, ENDERECO, EMAILS) VALUES ('A1', 'José', 'Rua XV de Novembro 72', 'jose@softblue.com.br');
INSERT INTO ALUNOS (CODIGO, ALUNO, ENDERECO, EMAILS) VALUES ('A2', 'Wagner', 'Av. Paulista', 'wagner@softblue.com.br');
INSERT INTO ALUNOS (CODIGO, ALUNO, ENDERECO, EMAILS) VALUES ('A3', 'Emílio', 'Rua Lajes 103 - ap: 701', 'emilio@softblue.com.br');
INSERT INTO ALUNOS (CODIGO, ALUNO, ENDERECO, EMAILS) VALUES ('A4', 'Cris', 'Rua Tauney 22', 'cris@softblue.com.br');
INSERT INTO ALUNOS (CODIGO, ALUNO, ENDERECO, EMAILS) VALUES ('A5', 'Regina', 'Rua Salles 305', 'regina@softblue.com.br');
INSERT INTO ALUNOS (CODIGO, ALUNO, ENDERECO, EMAILS) VALUES ('A6', 'Fernando', 'Av. Central 30', 'fernando@softblue.com.br');

SELECT * FROM ALUNOS; 

--INSERT DADOS_COMPRA

INSERT INTO DADOS_COMPRA (CODIGO, ALUNO, DIA, HORA) VALUES ('D1', 'A2', '15/04/2010', '11:23:32');
INSERT INTO DADOS_COMPRA (CODIGO, ALUNO, DIA, HORA) VALUES ('D2', 'A2', '15/04/2010', '14:36:21');
INSERT INTO DADOS_COMPRA (CODIGO, ALUNO, DIA, HORA) VALUES ('D3', 'A3', '16/04/2010', '11:17:45');
INSERT INTO DADOS_COMPRA (CODIGO, ALUNO, DIA, HORA) VALUES ('D4', 'A4', '17/04/2010', '14:27:22');
INSERT INTO DADOS_COMPRA (CODIGO, ALUNO, DIA, HORA) VALUES ('D5', 'A5', '18/04/2010', '11:18:19');
INSERT INTO DADOS_COMPRA (CODIGO, ALUNO, DIA, HORA) VALUES ('D6', 'A6', '19/04/2010', '13:47:35');
INSERT INTO DADOS_COMPRA (CODIGO, ALUNO, DIA, HORA) VALUES ('D7', 'A6', '20/04/2010', '18:13:44');

SELECT * FROM DADOS_COMPRA;

--INSERT DADOS_COMPRA

INSERT INTO DETALHES_COMPRA (PEDIDO, CURSO, PRECO) VALUES ('D1', 'C1', '270');
INSERT INTO DETALHES_COMPRA (PEDIDO, CURSO, PRECO) VALUES ('D1', 'C2', '330');
INSERT INTO DETALHES_COMPRA (PEDIDO, CURSO, PRECO) VALUES ('D2', 'C1', '270');
INSERT INTO DETALHES_COMPRA (PEDIDO, CURSO, PRECO) VALUES ('D2', 'C2', '330');
INSERT INTO DETALHES_COMPRA (PEDIDO, CURSO, PRECO) VALUES ('D2', 'C3', '170');
INSERT INTO DETALHES_COMPRA (PEDIDO, CURSO, PRECO) VALUES ('D3', 'C4', '270');
INSERT INTO DETALHES_COMPRA (PEDIDO, CURSO, PRECO) VALUES ('D4', 'C2', '330');
INSERT INTO DETALHES_COMPRA (PEDIDO, CURSO, PRECO) VALUES ('D4', 'C4', '270');
INSERT INTO DETALHES_COMPRA (PEDIDO, CURSO, PRECO) VALUES ('D5', 'C3', '170');
INSERT INTO DETALHES_COMPRA (PEDIDO, CURSO, PRECO) VALUES ('D6', 'C3', '170');
INSERT INTO DETALHES_COMPRA (PEDIDO, CURSO, PRECO) VALUES ('D7', 'C4', '270');


SELECT * FROM DETALHES_COMPRA;
